ogc_fid,name,year,all,asthma,cancer,chd,copd,deaths3450,diabetes,pct3450,rate3450,stroke,est_pop,sra_id,total_pop,area,hispanic,white,black,asian,veteran
26,Alpine,2000,82,0,19,17,5,50,0,0.61,352.4,8,14188.4224931875,38,10519,100.87,743,8470,145,1396,2231
26,Alpine,2001,128,0,29,30,12,87,0,0.68,601,12,14475.8735440932,38,10519,100.87,743,8470,145,1396,2231
26,Alpine,2002,128,0,34,28,9,87,0,0.68,592.8,12,14676.1136625367,38,10519,100.87,743,8470,145,1396,2231
26,Alpine,2003,112,0,28,18,11,68,0,0.61,463.3,9,14677.3153014601,38,10519,100.87,743,8470,145,1396,2231
26,Alpine,2004,121,0,29,26,8,76,0,0.63,509.2,11,14925.372776523,38,10519,100.87,743,8470,145,1396,2231
26,Alpine,2005,108,0,33,9,12,60,0,0.56,400.5,5,14981.2734082397,38,10519,100.87,743,8470,145,1396,2231
26,Alpine,2006,108,0,29,17,5,62,5,0.57,415.8,6,14911.0153487716,38,10519,100.87,743,8470,145,1396,2231
26,Alpine,2007,117,0,39,13,9,73,5,0.62,481.7,7,15154.6601930799,38,10519,100.87,743,8470,145,1396,2231
26,Alpine,2008,146,0,33,28,15,87,7,0.6,566.1,0,15368.3101487421,38,10519,100.87,743,8470,145,1396,2231
26,Alpine,2009,124,0,29,17,5,64,0,0.52,410.1,8,15605.9495360859,38,10519,100.87,743,8470,145,1396,2231
26,Alpine,2010,128,0,31,18,7,64,0,0.5,425.7,7,15034.0611145848,38,10519,100.87,743,8470,145,1396,2231
26,Alpine,2011,112,0,21,17,5,52,0,0.46,343,7,15160.3498542274,38,10519,100.87,743,8470,145,1396,2231
29,Carlsbad,2000,552,0,150,118,27,357,11,0.65,385.4,51,92631.0341602879,41,88164,105.343,28778,70841,1768,6033,9272
29,Carlsbad,2001,596,0,160,144,39,396,7,0.66,405.2,46,97729.5133440592,41,88164,105.343,28778,70841,1768,6033,9272
29,Carlsbad,2002,565,0,154,110,22,334,10,0.59,323.9,38,103118.24831548,41,88164,105.343,28778,70841,1768,6033,9272
29,Carlsbad,2003,603,0,152,146,30,376,12,0.62,357.2,36,105263.154297451,41,88164,105.343,28778,70841,1768,6033,9272
29,Carlsbad,2004,634,0,146,135,38,383,9,0.6,360.1,55,106359.342823755,41,88164,105.343,28778,70841,1768,6033,9272
29,Carlsbad,2005,637,0,179,119,43,384,9,0.6,357.2,33,107502.795878248,41,88164,105.343,28778,70841,1768,6033,9272
29,Carlsbad,2006,632,0,171,117,28,360,12,0.57,325,32,110769.230769231,41,88164,105.343,28778,70841,1768,6033,9272
29,Carlsbad,2007,660,0,189,107,36,391,17,0.59,345.5,40,113169.319826339,41,88164,105.343,28778,70841,1768,6033,9272
29,Carlsbad,2008,623,0,156,99,26,330,10,0.53,286.3,38,115263.714310261,41,88164,105.343,28778,70841,1768,6033,9272
29,Carlsbad,2009,664,0,163,103,45,361,13,0.54,302.1,37,119496.852931642,41,88164,105.343,28778,70841,1768,6033,9272
29,Carlsbad,2010,684,0,196,96,37,377,7,0.55,328.6,41,114729.151855596,41,88164,105.343,28778,70841,1768,6033,9272
29,Carlsbad,2011,718,0,177,103,38,375,13,0.52,323.7,44,115848.003045535,41,88164,105.343,28778,70841,1768,6033,9272
1,Central San Diego,2000,1225,0,242,289,57,714,36,0.58,458.2,88,155827.145564848,1,195594,43.2972,41247,118385,15885,36877,26823
1,Central San Diego,2001,1237,0,232,263,59,707,45,0.57,441.2,106,160244.782511076,1,195594,43.2972,41247,118385,15885,36877,26823
1,Central San Diego,2002,1144,0,248,270,45,668,30,0.58,420.1,74,159009.757270844,1,195594,43.2972,41247,118385,15885,36877,26823
1,Central San Diego,2003,1151,0,237,241,41,628,30,0.55,393.4,79,159633.96282239,1,195594,43.2972,41247,118385,15885,36877,26823
1,Central San Diego,2004,1081,0,223,234,59,618,33,0.57,380.5,65,162417.871222076,1,195594,43.2972,41247,118385,15885,36877,26823
1,Central San Diego,2005,1071,0,212,232,40,578,32,0.54,345.9,58,167100.320959524,1,195594,43.2972,41247,118385,15885,36877,26823
1,Central San Diego,2006,1023,0,224,207,43,553,32,0.54,332.9,45,166115.95378159,1,195594,43.2972,41247,118385,15885,36877,26823
1,Central San Diego,2007,984,0,228,192,40,536,25,0.54,315.3,50,169996.834998911,1,195594,43.2972,41247,118385,15885,36877,26823
1,Central San Diego,2008,1019,0,215,193,52,550,25,0.54,313.9,63,175215.040042777,1,195594,43.2972,41247,118385,15885,36877,26823
1,Central San Diego,2009,1012,0,233,192,38,535,28,0.53,302.8,40,176684.287175663,1,195594,43.2972,41247,118385,15885,36877,26823
1,Central San Diego,2010,959,0,218,191,45,534,40,0.56,322.5,40,165581.395348837,1,195594,43.2972,41247,118385,15885,36877,26823
1,Central San Diego,2011,957,5,229,157,51,507,29,0.53,305.5,36,165957.446808511,1,195594,43.2972,41247,118385,15885,36877,26823
16,Chula Vista,2000,1071,0,257,302,56,733,27,0.68,673.1,90,108899.127408513,21,115291,43.9995,40736,78524,12663,7117,12840
16,Chula Vista,2001,1146,0,286,322,55,780,26,0.68,705.9,88,110497.233747434,21,115291,43.9995,40736,78524,12663,7117,12840
16,Chula Vista,2002,1034,0,231,266,54,653,32,0.63,585.5,68,111528.608027327,21,115291,43.9995,40736,78524,12663,7117,12840
16,Chula Vista,2003,1087,0,262,271,56,718,40,0.66,643,89,111664.074650078,21,115291,43.9995,40736,78524,12663,7117,12840
16,Chula Vista,2004,1103,0,263,270,61,695,26,0.63,620.6,74,111988.402729765,21,115291,43.9995,40736,78524,12663,7117,12840
16,Chula Vista,2005,1180,0,314,268,56,752,40,0.64,663.1,71,113406.730159431,21,115291,43.9995,40736,78524,12663,7117,12840
16,Chula Vista,2006,1065,0,251,238,49,651,41,0.61,583.4,71,111587.24250206,21,115291,43.9995,40736,78524,12663,7117,12840
16,Chula Vista,2007,1101,0,245,255,51,664,46,0.6,588.8,67,112771.741468424,21,115291,43.9995,40736,78524,12663,7117,12840
16,Chula Vista,2008,1100,0,250,221,53,642,50,0.58,564.5,67,113728.963684677,21,115291,43.9995,40736,78524,12663,7117,12840
16,Chula Vista,2009,1052,0,257,221,46,610,28,0.58,551.4,56,110627.488754323,21,115291,43.9995,40736,78524,12663,7117,12840
16,Chula Vista,2010,1111,0,284,217,61,670,50,0.6,581.4,57,115239.073248273,21,115291,43.9995,40736,78524,12663,7117,12840
16,Chula Vista,2011,1121,0,281,221,61,655,44,0.58,565.1,47,115908.693735272,21,115291,43.9995,40736,78524,12663,7117,12840
8,Coastal,2000,703,0,163,184,35,432,7,0.61,572.7,43,75432.1618285267,11,109010,62.9908,16250,63346,3779,31126,18093
8,Coastal,2001,636,0,144,139,29,386,12,0.61,505.1,59,76420.5098664942,11,109010,62.9908,16250,63346,3779,31126,18093
8,Coastal,2002,616,0,136,128,33,350,5,0.57,449.3,48,77898.9560447696,11,109010,62.9908,16250,63346,3779,31126,18093
8,Coastal,2003,625,0,153,139,24,370,8,0.59,468.4,45,78992.3152906294,11,109010,62.9908,16250,63346,3779,31126,18093
8,Coastal,2004,634,0,168,128,25,385,14,0.61,495.5,50,77699.2936427851,11,109010,62.9908,16250,63346,3779,31126,18093
8,Coastal,2005,617,0,157,107,36,350,11,0.57,449.9,37,77795.0666255243,11,109010,62.9908,16250,63346,3779,31126,18093
8,Coastal,2006,587,0,154,121,33,360,11,0.61,455.7,40,78999.3395559636,11,109010,62.9908,16250,63346,3779,31126,18093
8,Coastal,2007,558,0,144,100,24,298,8,0.53,377.9,22,78856.8417076051,11,109010,62.9908,16250,63346,3779,31126,18093
8,Coastal,2008,586,0,145,102,27,321,13,0.55,403.1,34,79632.8442420236,11,109010,62.9908,16250,63346,3779,31126,18093
8,Coastal,2009,571,0,145,97,16,301,6,0.53,380.4,37,79127.2357596065,11,109010,62.9908,16250,63346,3779,31126,18093
8,Coastal,2010,571,0,147,88,27,306,8,0.54,406,35,75369.4581280788,11,109010,62.9908,16250,63346,3779,31126,18093
8,Coastal,2011,583,0,150,82,28,295,7,0.51,390.4,27,75563.5257715245,11,109010,62.9908,16250,63346,3779,31126,18093
3,Coronado,2000,193,0,39,54,8,117,0,0.61,485.5,15,24098.8671472709,3,53440,62.0059,22587,35503,2299,9324,5838
3,Coronado,2001,186,0,40,45,8,117,0,0.63,490.4,22,23858.0753377205,3,53440,62.0059,22587,35503,2299,9324,5838
3,Coronado,2002,187,0,50,43,7,118,0,0.63,459.3,16,25691.2700056916,3,53440,62.0059,22587,35503,2299,9324,5838
3,Coronado,2003,170,0,39,39,9,101,0,0.59,379.5,9,26613.9657444005,3,53440,62.0059,22587,35503,2299,9324,5838
3,Coronado,2004,163,0,57,24,0,101,0,0.62,379.8,13,26592.9445092704,3,53440,62.0059,22587,35503,2299,9324,5838
3,Coronado,2005,181,0,48,32,10,109,0,0.6,405.2,16,26900.2953396527,3,53440,62.0059,22587,35503,2299,9324,5838
3,Coronado,2006,181,0,51,22,13,104,0,0.57,454.1,16,22902.444087678,3,53440,62.0059,22587,35503,2299,9324,5838
3,Coronado,2007,189,0,52,35,8,105,0,0.56,457.2,8,22965.8786519134,3,53440,62.0059,22587,35503,2299,9324,5838
3,Coronado,2008,175,0,51,30,5,97,0,0.55,419.9,11,23100.738606801,3,53440,62.0059,22587,35503,2299,9324,5838
3,Coronado,2009,154,0,50,25,0,84,0,0.55,362.7,8,23159.6352834012,3,53440,62.0059,22587,35503,2299,9324,5838
3,Coronado,2010,167,0,39,25,6,91,5,0.54,368.4,15,24701.411918473,3,53440,62.0059,22587,35503,2299,9324,5838
3,Coronado,2011,166,0,38,35,7,92,0,0.55,394.4,11,23326.5723691027,3,53440,62.0059,22587,35503,2299,9324,5838
10,Del Mar/Mira Mesa,2000,442,0,122,92,13,277,9,0.63,208.5,38,132853.717026379,13,135412,120.238,26837,92639,8221,18894,15883
10,Del Mar/Mira Mesa,2001,406,0,100,78,20,235,8,0.58,169.5,26,138643.067846608,13,135412,120.238,26837,92639,8221,18894,15883
10,Del Mar/Mira Mesa,2002,449,0,125,82,18,277,17,0.62,192.9,35,143597.723568953,13,135412,120.238,26837,92639,8221,18894,15883
10,Del Mar/Mira Mesa,2003,416,0,107,80,6,244,15,0.59,167.2,35,145933.017017657,13,135412,120.238,26837,92639,8221,18894,15883
10,Del Mar/Mira Mesa,2004,456,0,109,81,28,261,17,0.57,173.5,25,150432.276657061,13,135412,120.238,26837,92639,8221,18894,15883
10,Del Mar/Mira Mesa,2005,410,0,128,64,20,246,7,0.6,162.9,27,151012.897002514,13,135412,120.238,26837,92639,8221,18894,15883
10,Del Mar/Mira Mesa,2006,467,0,120,69,17,249,18,0.53,161.9,22,153798.646934604,13,135412,120.238,26837,92639,8221,18894,15883
10,Del Mar/Mira Mesa,2007,460,0,150,61,14,268,15,0.58,171.6,28,156177.150622205,13,135412,120.238,26837,92639,8221,18894,15883
10,Del Mar/Mira Mesa,2008,427,0,108,64,20,236,16,0.55,148.8,26,158602.147284843,13,135412,120.238,26837,92639,8221,18894,15883
10,Del Mar/Mira Mesa,2009,454,0,130,65,16,254,17,0.56,153.2,25,165796.347950198,13,135412,120.238,26837,92639,8221,18894,15883
10,Del Mar/Mira Mesa,2010,490,0,143,67,20,269,10,0.55,170.7,28,157586.411721825,13,135412,120.238,26837,92639,8221,18894,15883
10,Del Mar/Mira Mesa,2011,536,0,151,67,26,296,18,0.55,186.8,33,158458.241522611,13,135412,120.238,26837,92639,8221,18894,15883
22,El Cajon,2000,748,0,168,177,50,469,16,0.63,393.8,56,119095.991502815,34,149770,63.9012,16550,103977,3912,29651,14236
22,El Cajon,2001,817,0,171,209,51,529,29,0.65,439.2,67,120446.262590411,34,149770,63.9012,16550,103977,3912,29651,14236
22,El Cajon,2002,768,0,152,177,45,448,23,0.58,370.7,49,120852.437347587,34,149770,63.9012,16550,103977,3912,29651,14236
22,El Cajon,2003,811,0,162,195,53,490,25,0.6,404.4,55,121167.163055256,34,149770,63.9012,16550,103977,3912,29651,14236
22,El Cajon,2004,804,0,165,159,46,460,27,0.57,374.9,63,122699.388500661,34,149770,63.9012,16550,103977,3912,29651,14236
22,El Cajon,2005,825,0,174,199,46,497,26,0.6,406.5,51,122263.222632226,34,149770,63.9012,16550,103977,3912,29651,14236
22,El Cajon,2006,834,0,174,145,53,468,35,0.56,385,60,121558.441558442,34,149770,63.9012,16550,103977,3912,29651,14236
22,El Cajon,2007,820,0,196,156,55,491,34,0.6,402.4,49,122017.894494876,34,149770,63.9012,16550,103977,3912,29651,14236
22,El Cajon,2008,841,0,181,169,57,488,23,0.58,397,54,122921.914357683,34,149770,63.9012,16550,103977,3912,29651,14236
22,El Cajon,2009,823,0,170,143,38,427,27,0.52,344.3,49,124019.754614909,34,149770,63.9012,16550,103977,3912,29651,14236
22,El Cajon,2010,790,0,191,117,44,435,42,0.55,349.3,40,124534.788205554,34,149770,63.9012,16550,103977,3912,29651,14236
22,El Cajon,2011,843,0,194,146,46,467,28,0.55,372.8,52,125268.244445154,34,149770,63.9012,16550,103977,3912,29651,14236
14,Elliot-Navajo,2000,584,0,155,124,40,379,15,0.65,439.6,45,86214.7394763125,17,69660,127.056,38840,46535,2359,9762,7483
14,Elliot-Navajo,2001,584,0,160,118,33,362,10,0.62,428.1,40,84559.6811116297,17,69660,127.056,38840,46535,2359,9762,7483
14,Elliot-Navajo,2002,565,0,192,123,22,382,0,0.68,434.9,41,87836.2854359856,17,69660,127.056,38840,46535,2359,9762,7483
14,Elliot-Navajo,2003,566,0,150,116,33,343,7,0.61,371.2,37,92403.0142026765,17,69660,127.056,38840,46535,2359,9762,7483
14,Elliot-Navajo,2004,599,0,144,113,43,361,17,0.6,402.1,44,89778.6606616129,17,69660,127.056,38840,46535,2359,9762,7483
14,Elliot-Navajo,2005,556,0,159,93,27,329,16,0.59,366.5,33,89768.0763983629,17,69660,127.056,38840,46535,2359,9762,7483
14,Elliot-Navajo,2006,555,0,172,86,32,341,16,0.61,389.1,35,87638.1379210981,17,69660,127.056,38840,46535,2359,9762,7483
14,Elliot-Navajo,2007,546,0,155,86,24,312,9,0.57,354.9,36,87912.0894239865,17,69660,127.056,38840,46535,2359,9762,7483
14,Elliot-Navajo,2008,541,0,149,86,28,294,8,0.54,329.5,23,89226.1001517451,17,69660,127.056,38840,46535,2359,9762,7483
14,Elliot-Navajo,2009,538,0,133,85,24,277,8,0.51,301.4,26,91904.44778016,17,69660,127.056,38840,46535,2359,9762,7483
14,Elliot-Navajo,2010,593,0,149,91,24,299,14,0.5,335.6,21,89094.1580936008,17,69660,127.056,38840,46535,2359,9762,7483
14,Elliot-Navajo,2011,584,0,165,86,20,318,19,0.54,355.6,27,89426.3201748736,17,69660,127.056,38840,46535,2359,9762,7483
32,Escondido,2000,1325,0,292,267,83,795,32,0.6,542.8,117,146462.788850177,50,138196,312.433,22689,87486,4469,35311,17951
32,Escondido,2001,1332,0,264,287,86,800,39,0.6,540,121,148148.148148148,50,138196,312.433,22689,87486,4469,35311,17951
32,Escondido,2002,1278,0,271,213,76,711,34,0.56,474.5,114,149841.938883035,50,138196,312.433,22689,87486,4469,35311,17951
32,Escondido,2003,1311,6,268,234,89,727,31,0.55,479.4,99,151647.895130549,50,138196,312.433,22689,87486,4469,35311,17951
32,Escondido,2004,1269,0,274,232,71,704,42,0.55,455.4,85,154589.374052566,50,138196,312.433,22689,87486,4469,35311,17951
32,Escondido,2005,1224,0,273,196,84,686,41,0.56,438.1,90,156585.252326591,50,138196,312.433,22689,87486,4469,35311,17951
32,Escondido,2006,1224,0,286,208,60,670,34,0.55,421.7,78,158880.716292478,50,138196,312.433,22689,87486,4469,35311,17951
32,Escondido,2007,1146,0,280,168,64,620,34,0.54,386.9,72,160248.128658767,50,138196,312.433,22689,87486,4469,35311,17951
32,Escondido,2008,1123,0,267,158,61,581,31,0.52,358.5,60,162064.156206416,50,138196,312.433,22689,87486,4469,35311,17951
32,Escondido,2009,1113,0,261,174,72,606,35,0.54,370.3,63,163651.099102604,50,138196,312.433,22689,87486,4469,35311,17951
32,Escondido,2010,1283,0,290,173,89,642,35,0.5,393.8,54,163026.922270378,50,138196,312.433,22689,87486,4469,35311,17951
32,Escondido,2011,1201,0,267,187,73,631,42,0.53,384.2,62,164237.371148228,50,138196,312.433,22689,87486,4469,35311,17951
37,Fallbrook,2000,374,0,102,87,21,246,7,0.66,559.7,29,43952.1162470522,55,51582,327.546,18894,39680,1251,4103,5975
37,Fallbrook,2001,381,0,97,94,20,253,8,0.66,565.3,34,44754.9983129766,55,51582,327.546,18894,39680,1251,4103,5975
37,Fallbrook,2002,378,0,100,68,16,227,9,0.6,496.1,34,45756.9032870833,55,51582,327.546,18894,39680,1251,4103,5975
37,Fallbrook,2003,397,0,102,75,25,248,13,0.62,536.4,33,46234.1515123724,55,51582,327.546,18894,39680,1251,4103,5975
37,Fallbrook,2004,363,0,97,75,17,221,3,0.61,466.2,28,47404.5461633016,55,51582,327.546,18894,39680,1251,4103,5975
37,Fallbrook,2005,402,0,101,78,24,238,9,0.59,497.5,25,47839.1959798995,55,51582,327.546,18894,39680,1251,4103,5975
37,Fallbrook,2006,388,0,100,60,23,210,7,0.54,437.5,20,48000,55,51582,327.546,18894,39680,1251,4103,5975
37,Fallbrook,2007,382,0,94,64,23,220,9,0.58,455.2,29,48330.4029218569,55,51582,327.546,18894,39680,1251,4103,5975
37,Fallbrook,2008,406,0,106,58,24,220,9,0.54,453.3,22,48532.9816731604,55,51582,327.546,18894,39680,1251,4103,5975
37,Fallbrook,2009,376,0,98,57,21,205,9,0.55,410.5,19,49939.0986601705,55,51582,327.546,18894,39680,1251,4103,5975
37,Fallbrook,2010,394,0,94,62,26,222,9,0.56,469.3,30,47304.4972884029,55,51582,327.546,18894,39680,1251,4103,5975
37,Fallbrook,2011,402,0,87,62,23,207,9,0.51,204.3,26,101321.584389579,55,51582,327.546,18894,39680,1251,4103,5975
25,Harbison Crest,2000,577,0,130,137,31,367,18,0.64,274.4,51,133746.358660069,37,9887,88.9101,891,8831,79,576,455
25,Harbison Crest,2001,575,0,141,124,50,380,16,0.66,281.2,48,135135.129268852,37,9887,88.9101,891,8831,79,576,455
25,Harbison Crest,2002,543,0,120,140,38,348,17,0.64,256.3,33,135778.391172263,37,9887,88.9101,891,8831,79,576,455
25,Harbison Crest,2003,516,0,114,120,20,306,11,0.59,225.2,41,135879.220313812,37,9887,88.9101,891,8831,79,576,455
25,Harbison Crest,2004,508,0,113,102,35,300,14,0.59,218.2,35,137488.544544371,37,9887,88.9101,891,8831,79,576,455
25,Harbison Crest,2005,518,0,120,109,33,307,13,0.59,224,31,137053.571428571,37,9887,88.9101,891,8831,79,576,455
25,Harbison Crest,2006,492,0,122,82,33,293,25,0.6,214.5,30,136596.736596737,37,9887,88.9101,891,8831,79,576,455
25,Harbison Crest,2007,523,0,136,106,33,306,11,0.59,222.5,20,137528.08988764,37,9887,88.9101,891,8831,79,576,455
25,Harbison Crest,2008,502,0,110,97,40,293,15,0.58,211.2,31,138731.06261067,37,9887,88.9101,891,8831,79,576,455
25,Harbison Crest,2009,536,0,121,93,26,292,22,0.54,209.2,30,139579.351940547,37,9887,88.9101,891,8831,79,576,455
25,Harbison Crest,2010,519,0,121,99,30,304,22,0.59,218.4,32,139194.143084128,37,9887,88.9101,891,8831,79,576,455
25,Harbison Crest,2011,527,0,113,83,45,289,17,0.55,206.4,31,140019.383985516,37,9887,88.9101,891,8831,79,576,455
18,Jamul,2000,93,0,24,23,10,65,0,0.7,530.3,8,12257.2131805095,30,12475,539.394,733,10171,306,1547,1569
18,Jamul,2001,107,0,32,14,12,74,0,0.69,593.7,14,12464.2072559357,30,12475,539.394,733,10171,306,1547,1569
18,Jamul,2002,116,0,30,26,5,68,0,0.59,535.7,0,12693.6715419973,30,12475,539.394,733,10171,306,1547,1569
18,Jamul,2003,116,0,31,25,0,66,0,0.57,508,5,12992.125984252,30,12475,539.394,733,10171,306,1547,1569
18,Jamul,2004,120,0,32,19,8,65,0,0.54,454.1,0,14314.0275547987,30,12475,539.394,733,10171,306,1547,1569
18,Jamul,2005,98,0,23,20,5,56,0,0.57,385.2,6,14537.9019276619,30,12475,539.394,733,10171,306,1547,1569
18,Jamul,2006,124,0,38,13,7,68,0,0.55,455.4,9,14931.928175532,30,12475,539.394,733,10171,306,1547,1569
18,Jamul,2007,122,0,31,22,5,66,0,0.54,420.5,5,15695.6004756243,30,12475,539.394,733,10171,306,1547,1569
18,Jamul,2008,118,0,29,16,8,69,0,0.58,441,12,15646.2585034014,30,12475,539.394,733,10171,306,1547,1569
18,Jamul,2009,115,0,40,18,0,70,0,0.61,460.5,6,15200.8686210641,30,12475,539.394,733,10171,306,1547,1569
18,Jamul,2010,103,0,34,12,6,61,0,0.59,321.8,5,18955.8739322404,30,12475,539.394,733,10171,306,1547,1569
18,Jamul,2011,127,0,32,24,0,72,5,0.57,409.6,7,17578.1247380655,30,12475,539.394,733,10171,306,1547,1569
7,Kearny Mesa,2000,1290,0,327,308,69,834,29,0.65,579.1,101,144016.583519306,10,157925,83.5387,96199,114790,7396,15597,21496
7,Kearny Mesa,2001,1330,0,277,311,81,812,29,0.61,559.6,111,145103.651791583,10,157925,83.5387,96199,114790,7396,15597,21496
7,Kearny Mesa,2002,1175,0,308,242,62,723,26,0.62,491.3,84,147160.597997952,10,157925,83.5387,96199,114790,7396,15597,21496
7,Kearny Mesa,2003,1287,0,354,237,76,793,25,0.62,529,100,149905.482041588,10,157925,83.5387,96199,114790,7396,15597,21496
7,Kearny Mesa,2004,1216,0,296,263,61,747,24,0.61,496.9,103,150332.060610896,10,157925,83.5387,96199,114790,7396,15597,21496
7,Kearny Mesa,2005,1222,0,302,265,62,740,29,0.61,490.5,80,150866.462793068,10,157925,83.5387,96199,114790,7396,15597,21496
7,Kearny Mesa,2006,1199,0,283,230,79,692,26,0.58,451,74,153436.807095344,10,157925,83.5387,96199,114790,7396,15597,21496
7,Kearny Mesa,2007,1166,0,268,209,57,644,37,0.55,416.1,72,154770.485593261,10,157925,83.5387,96199,114790,7396,15597,21496
7,Kearny Mesa,2008,1302,0,324,245,61,732,31,0.56,468.4,70,156276.688629029,10,157925,83.5387,96199,114790,7396,15597,21496
7,Kearny Mesa,2009,1262,0,321,244,70,741,43,0.59,458.4,63,161649.216812017,10,157925,83.5387,96199,114790,7396,15597,21496
7,Kearny Mesa,2010,1157,0,291,195,72,652,27,0.56,431.2,66,151205.932639667,10,157925,83.5387,96199,114790,7396,15597,21496
7,Kearny Mesa,2011,1203,0,281,210,53,645,32,0.54,425.2,67,151693.316435266,10,157925,83.5387,96199,114790,7396,15597,21496
39,Laguna-Pine Valley,2000,16,0,0,6,0,9,0,0.56,172.3,0,5223.44738281662,61,5464,610.713,531,4464,5,837,1253
39,Laguna-Pine Valley,2001,11,0,5,0,0,8,0,0.73,153.5,0,5211.72638436482,61,5464,610.713,531,4464,5,837,1253
39,Laguna-Pine Valley,2002,19,0,0,0,0,10,0,0.53,192.2,0,5202.91371424575,61,5464,610.713,531,4464,5,837,1253
39,Laguna-Pine Valley,2003,15,0,0,0,0,8,0,0.53,159.9,0,5003.12714531998,61,5464,610.713,531,4464,5,837,1253
39,Laguna-Pine Valley,2004,19,0,8,0,0,12,0,0.63,238.9,0,5023.02231334489,61,5464,610.713,531,4464,5,837,1253
39,Laguna-Pine Valley,2005,14,0,0,0,0,9,0,0.64,176.7,0,5093.37869577679,61,5464,610.713,531,4464,5,837,1253
39,Laguna-Pine Valley,2006,28,0,7,6,0,18,0,0.64,356.9,0,5043.42961833189,61,5464,610.713,531,4464,5,837,1253
39,Laguna-Pine Valley,2007,18,0,7,0,0,11,0,0.61,216.5,0,5080.83140877598,61,5464,610.713,531,4464,5,837,1253
39,Laguna-Pine Valley,2008,14,0,5,0,0,8,0,0.57,155.2,0,5154.6392766154,61,5464,610.713,531,4464,5,837,1253
39,Laguna-Pine Valley,2009,17,0,0,6,0,11,0,0.65,194.5,0,5655.52699228792,61,5464,610.713,531,4464,5,837,1253
39,Laguna-Pine Valley,2010,17,0,5,5,0,13,0,0.76,246.3,0,5278.11605315659,61,5464,610.713,531,4464,5,837,1253
39,Laguna-Pine Valley,2011,18,0,6,0,0,11,0,0.61,194.9,0,5643.9201356991,61,5464,610.713,531,4464,5,837,1253
24,Lakeside,2000,309,0,74,72,20,203,11,0.66,373.2,25,54394.4248017298,36,48504,199.63,6291,40782,1080,3372,4322
24,Lakeside,2001,290,0,81,69,17,192,7,0.66,350.4,18,54794.521502395,36,48504,199.63,6291,40782,1080,3372,4322
24,Lakeside,2002,281,0,70,67,25,185,6,0.66,331.6,17,55790.1075376484,36,48504,199.63,6291,40782,1080,3372,4322
24,Lakeside,2003,334,0,73,70,20,207,13,0.62,369.6,31,56006.4925816112,36,48504,199.63,6291,40782,1080,3372,4322
24,Lakeside,2004,269,0,72,48,11,161,11,0.6,288.2,18,55863.9809787184,36,48504,199.63,6291,40782,1080,3372,4322
24,Lakeside,2005,273,0,77,54,19,171,9,0.63,305.7,12,55937.1910931402,36,48504,199.63,6291,40782,1080,3372,4322
24,Lakeside,2006,294,0,85,54,28,192,8,0.65,345.1,17,55636.0465384657,36,48504,199.63,6291,40782,1080,3372,4322
24,Lakeside,2007,302,0,68,52,26,172,11,0.57,305.8,15,56245.9146062643,36,48504,199.63,6291,40782,1080,3372,4322
24,Lakeside,2008,335,0,84,59,21,195,13,0.58,342.4,16,56950.9355946289,36,48504,199.63,6291,40782,1080,3372,4322
24,Lakeside,2009,329,0,79,65,22,197,13,0.6,339.4,17,58043.6074079849,36,48504,199.63,6291,40782,1080,3372,4322
24,Lakeside,2010,305,0,68,47,14,158,10,0.52,282,19,56028.3687943262,36,48504,199.63,6291,40782,1080,3372,4322
24,Lakeside,2011,332,0,96,47,24,189,10,0.57,335.3,12,56367.4342024427,36,48504,199.63,6291,40782,1080,3372,4322
21,La Mesa,2000,775,0,187,184,39,502,16,0.65,885.9,76,56665.5363094752,33,69608,26.052,13663,61156,1174,1419,7665
21,La Mesa,2001,707,0,158,167,49,437,14,0.62,763.3,49,57251.4092740335,33,69608,26.052,13663,61156,1174,1419,7665
21,La Mesa,2002,701,0,152,172,34,446,12,0.64,773.9,76,57630.1829603477,33,69608,26.052,13663,61156,1174,1419,7665
21,La Mesa,2003,762,0,184,174,43,484,13,0.64,836.2,70,57880.8888943389,33,69608,26.052,13663,61156,1174,1419,7665
21,La Mesa,2004,677,0,156,144,40,401,15,0.59,691,46,58031.8379160637,33,69608,26.052,13663,61156,1174,1419,7665
21,La Mesa,2005,705,0,141,140,45,399,20,0.57,690.4,52,57792.5819655972,33,69608,26.052,13663,61156,1174,1419,7665
21,La Mesa,2006,665,0,141,119,41,362,24,0.54,626,36,57827.4760383387,33,69608,26.052,13663,61156,1174,1419,7665
21,La Mesa,2007,657,0,145,133,45,379,9,0.58,649.7,41,58334.6148805719,33,69608,26.052,13663,61156,1174,1419,7665
21,La Mesa,2008,695,0,165,147,35,396,15,0.57,674.1,32,58744.995452016,33,69608,26.052,13663,61156,1174,1419,7665
21,La Mesa,2009,612,0,140,117,36,338,13,0.55,571.1,31,59184.0333477897,33,69608,26.052,13663,61156,1174,1419,7665
21,La Mesa,2010,602,0,149,97,38,319,11,0.53,539.8,24,59095.9628036055,33,69608,26.052,13663,61156,1174,1419,7665
21,La Mesa,2011,697,0,159,118,47,380,13,0.55,633.5,42,59984.2146803473,33,69608,26.052,13663,61156,1174,1419,7665
20,Lemon Grove,2000,195,0,47,34,13,117,10,0.6,399.3,13,29301.2781309332,32,34936,11.5887,7383,30183,807,914,4228
20,Lemon Grove,2001,244,0,62,55,13,157,0,0.64,530.5,24,29594.7219604147,32,34936,11.5887,7383,30183,807,914,4228
20,Lemon Grove,2002,206,0,44,62,9,133,0,0.65,447.2,13,29740.6074171634,32,34936,11.5887,7383,30183,807,914,4228
20,Lemon Grove,2003,251,0,61,55,7,155,7,0.62,519.7,24,29824.8982796354,32,34936,11.5887,7383,30183,807,914,4228
20,Lemon Grove,2004,226,0,42,58,15,139,6,0.62,464.5,17,29924.6501614639,32,34936,11.5887,7383,30183,807,914,4228
20,Lemon Grove,2005,251,0,44,54,19,141,11,0.56,473.6,12,29771.9590757736,32,34936,11.5887,7383,30183,807,914,4228
20,Lemon Grove,2006,213,0,44,52,14,129,10,0.61,434.1,9,29716.6547307623,32,34936,11.5887,7383,30183,807,914,4228
20,Lemon Grove,2007,215,0,56,33,16,126,0,0.59,422.7,16,29808.3738730264,32,34936,11.5887,7383,30183,807,914,4228
20,Lemon Grove,2008,212,0,46,37,7,109,5,0.51,363.1,14,30019.2779310847,32,34936,11.5887,7383,30183,807,914,4228
20,Lemon Grove,2009,223,0,42,42,9,115,8,0.52,379.1,14,30335.0034683456,32,34936,11.5887,7383,30183,807,914,4228
20,Lemon Grove,2010,199,0,55,37,9,116,7,0.58,389.1,8,29812.3870933941,32,34936,11.5887,7383,30183,807,914,4228
20,Lemon Grove,2011,212,0,43,39,10,109,8,0.51,364,8,29945.0549450549,32,34936,11.5887,7383,30183,807,914,4228
6,Mid City,2000,992,5,227,227,47,623,25,0.63,370.6,92,168105.771651278,6,151027,40.9215,80748,84158,19289,17465,20086
6,Mid City,2001,1013,5,244,201,49,625,29,0.62,366.7,97,170439.04532164,6,151027,40.9215,80748,84158,19289,17465,20086
6,Mid City,2002,989,0,210,219,35,559,26,0.57,328.6,68,170115.638958297,6,151027,40.9215,80748,84158,19289,17465,20086
6,Mid City,2003,961,5,214,194,49,573,31,0.6,334.7,80,171198.081595995,6,151027,40.9215,80748,84158,19289,17465,20086
6,Mid City,2004,942,0,217,178,48,530,23,0.56,310.7,62,170582.54881781,6,151027,40.9215,80748,84158,19289,17465,20086
6,Mid City,2005,923,0,209,173,41,511,29,0.55,303,56,168646.864686469,6,151027,40.9215,80748,84158,19289,17465,20086
6,Mid City,2006,884,6,208,167,49,509,30,0.58,295.7,49,172133.91240702,6,151027,40.9215,80748,84158,19289,17465,20086
6,Mid City,2007,868,0,221,157,40,494,29,0.57,286.2,45,172606.561470951,6,151027,40.9215,80748,84158,19289,17465,20086
6,Mid City,2008,825,0,204,130,34,444,31,0.54,254.4,44,174528.306074042,6,151027,40.9215,80748,84158,19289,17465,20086
6,Mid City,2009,852,0,205,145,39,470,33,0.55,271.9,46,172857.672140638,6,151027,40.9215,80748,84158,19289,17465,20086
6,Mid City,2010,877,0,215,151,49,483,28,0.55,296.2,37,163065.489566018,6,151027,40.9215,80748,84158,19289,17465,20086
6,Mid City,2011,874,0,200,159,43,475,31,0.54,291.1,42,163174.163531652,6,151027,40.9215,80748,84158,19289,17465,20086
13,Miramar,2000,0,0,0,0,0,0,0,,,0,,16,2816,62.1856,982,2607,8,138,198
13,Miramar,2001,0,0,0,0,0,0,0,,,0,,16,2816,62.1856,982,2607,8,138,198
13,Miramar,2002,0,0,0,0,0,0,0,,,0,,16,2816,62.1856,982,2607,8,138,198
13,Miramar,2003,0,0,0,0,0,0,0,,,0,,16,2816,62.1856,982,2607,8,138,198
13,Miramar,2004,0,0,0,0,0,0,0,,,0,,16,2816,62.1856,982,2607,8,138,198
13,Miramar,2005,0,0,0,0,0,0,0,,,0,,16,2816,62.1856,982,2607,8,138,198
13,Miramar,2006,0,0,0,0,0,0,0,,,0,,16,2816,62.1856,982,2607,8,138,198
13,Miramar,2007,0,0,0,0,0,0,0,,,0,,16,2816,62.1856,982,2607,8,138,198
13,Miramar,2008,0,0,0,0,0,0,0,,,0,,16,2816,62.1856,982,2607,8,138,198
13,Miramar,2009,0,0,0,0,0,0,0,,,0,,16,2816,62.1856,982,2607,8,138,198
13,Miramar,2010,0,0,0,0,0,0,0,,,0,,16,2816,62.1856,982,2607,8,138,198
13,Miramar,2011,0,0,0,0,0,0,0,,,0,,16,2816,62.1856,982,2607,8,138,198
40,Mountain Empire,2000,71,0,20,13,0,47,0,0.66,724.7,9,6485.44214272389,62,2456,1171.12,116,1858,4,451,353
40,Mountain Empire,2001,54,0,16,17,0,39,0,0.72,605.5,0,6440.95788604459,62,2456,1171.12,116,1858,4,451,353
40,Mountain Empire,2002,65,0,18,16,0,40,0,0.62,630.8,0,6341.15421275629,62,2456,1171.12,116,1858,4,451,353
40,Mountain Empire,2003,68,0,15,21,9,50,0,0.74,819.5,5,6101.2812690665,62,2456,1171.12,116,1858,4,451,353
40,Mountain Empire,2004,69,0,23,15,6,46,0,0.67,763.7,0,6023.30748523412,62,2456,1171.12,116,1858,4,451,353
40,Mountain Empire,2005,56,0,9,10,7,34,0,0.61,569.7,5,5968.05323354009,62,2456,1171.12,116,1858,4,451,353
40,Mountain Empire,2006,59,0,12,13,0,33,0,0.56,529.5,0,6232.29461756374,62,2456,1171.12,116,1858,4,451,353
40,Mountain Empire,2007,66,0,14,12,0,39,5,0.59,598.3,0,6518.46912848263,62,2456,1171.12,116,1858,4,451,353
40,Mountain Empire,2008,78,0,22,17,0,48,0,0.62,721,0,6657.42024965326,62,2456,1171.12,116,1858,4,451,353
40,Mountain Empire,2009,73,0,20,8,7,39,0,0.53,651,0,5990.78341013825,62,2456,1171.12,116,1858,4,451,353
40,Mountain Empire,2010,64,0,21,17,6,42,0,0.66,553.4,0,7589.44671975203,62,2456,1171.12,116,1858,4,451,353
40,Mountain Empire,2011,75,0,16,15,0,39,0,0.52,458.5,0,8505.99781897492,62,2456,1171.12,116,1858,4,451,353
4,National City,2000,337,0,65,100,28,241,12,0.72,447.4,35,53866.7866087992,4,61304,23.3082,22521,40345,4522,9751,7487
4,National City,2001,381,0,79,93,23,247,15,0.65,445.2,35,55480.6813179371,4,61304,23.3082,22521,40345,4522,9751,7487
4,National City,2002,404,0,74,115,14,253,14,0.63,439,36,57630.979498861,4,61304,23.3082,22521,40345,4522,9751,7487
4,National City,2003,379,0,62,84,17,203,15,0.54,345.5,24,58755.4269175109,4,61304,23.3082,22521,40345,4522,9751,7487
4,National City,2004,393,0,89,107,17,265,23,0.67,473.6,29,55954.3911707802,4,61304,23.3082,22521,40345,4522,9751,7487
4,National City,2005,379,0,73,78,20,220,25,0.58,346.6,24,63473.7438331997,4,61304,23.3082,22521,40345,4522,9751,7487
4,National City,2006,319,0,73,61,17,187,12,0.59,308.4,24,60635.5394620297,4,61304,23.3082,22521,40345,4522,9751,7487
4,National City,2007,340,0,56,74,10,182,18,0.54,300.1,24,60646.449949495,4,61304,23.3082,22521,40345,4522,9751,7487
4,National City,2008,347,0,75,69,22,212,19,0.61,348.8,27,60779.8186408863,4,61304,23.3082,22521,40345,4522,9751,7487
4,National City,2009,352,0,85,78,12,212,13,0.6,375.3,23,56488.144656415,4,61304,23.3082,22521,40345,4522,9751,7487
4,National City,2010,397,0,92,94,15,248,19,0.62,425.3,28,58311.7815937309,4,61304,23.3082,22521,40345,4522,9751,7487
4,National City,2011,401,0,77,91,26,236,24,0.59,403.5,17,58488.2280049566,4,61304,23.3082,22521,40345,4522,9751,7487
11,North San Diego,2000,737,0,183,166,27,468,20,0.64,563.1,70,83111.3514989979,14,88735,122.655,20152,70806,1813,5116,9832
11,North San Diego,2001,744,0,205,164,32,474,17,0.64,574.4,56,82520.8878574685,14,88735,122.655,20152,70806,1813,5116,9832
11,North San Diego,2002,711,0,180,146,25,422,8,0.59,490.3,61,86069.7553552033,14,88735,122.655,20152,70806,1813,5116,9832
11,North San Diego,2003,783,0,213,161,41,485,10,0.62,519.9,60,93287.1662290465,14,88735,122.655,20152,70806,1813,5116,9832
11,North San Diego,2004,817,0,207,169,37,503,19,0.62,517.8,69,97141.7558629055,14,88735,122.655,20152,70806,1813,5116,9832
11,North San Diego,2005,749,0,184,137,38,430,17,0.57,442.7,53,97131.2374391596,14,88735,122.655,20152,70806,1813,5116,9832
11,North San Diego,2006,738,0,167,138,30,407,22,0.55,397.9,50,102287.008354638,14,88735,122.655,20152,70806,1813,5116,9832
11,North San Diego,2007,758,0,243,112,26,441,7,0.58,411.6,53,107142.855554062,14,88735,122.655,20152,70806,1813,5116,9832
11,North San Diego,2008,762,0,181,124,40,410,15,0.54,368.6,50,111231.685624242,14,88735,122.655,20152,70806,1813,5116,9832
11,North San Diego,2009,779,0,204,132,21,430,22,0.55,391.2,51,109918.196979103,14,88735,122.655,20152,70806,1813,5116,9832
11,North San Diego,2010,781,0,172,127,36,398,14,0.51,373.6,48,106531.047510134,14,88735,122.655,20152,70806,1813,5116,9832
11,North San Diego,2011,801,0,196,121,41,418,13,0.52,388.4,46,107621.010960006,14,88735,122.655,20152,70806,1813,5116,9832
30,Oceanside,2000,1147,0,313,244,67,726,26,0.63,479.1,72,151534.124556688,42,160130,117.234,57960,127641,3351,8706,18870
30,Oceanside,2001,1191,0,301,259,81,745,22,0.63,481.2,81,154821.276205511,42,160130,117.234,57960,127641,3351,8706,18870
30,Oceanside,2002,1257,0,292,302,78,812,38,0.65,515.8,98,157425.362391811,42,160130,117.234,57960,127641,3351,8706,18870
30,Oceanside,2003,1158,0,285,248,72,725,32,0.63,451.1,86,160718.242117166,42,160130,117.234,57960,127641,3351,8706,18870
30,Oceanside,2004,1198,0,300,239,66,714,30,0.6,437.6,77,163162.703391531,42,160130,117.234,57960,127641,3351,8706,18870
30,Oceanside,2005,1192,0,267,244,81,709,40,0.59,430.2,74,164807.061804266,42,160130,117.234,57960,127641,3351,8706,18870
30,Oceanside,2006,1246,0,295,285,57,746,34,0.6,450.4,71,165630.552866183,42,160130,117.234,57960,127641,3351,8706,18870
30,Oceanside,2007,1144,0,315,218,73,701,24,0.61,418.9,69,167343.043736884,42,160130,117.234,57960,127641,3351,8706,18870
30,Oceanside,2008,1241,5,303,250,66,743,37,0.6,438.5,82,169441.277080958,42,160130,117.234,57960,127641,3351,8706,18870
30,Oceanside,2009,1132,0,289,219,70,674,27,0.6,394.2,68,170979.193081815,42,160130,117.234,57960,127641,3351,8706,18870
30,Oceanside,2010,1205,0,269,234,84,687,34,0.57,430.1,65,159730.293013447,42,160130,117.234,57960,127641,3351,8706,18870
30,Oceanside,2011,1146,0,273,207,45,616,31,0.54,384.8,59,160083.165161487,42,160130,117.234,57960,127641,3351,8706,18870
38,Palomar Julian,2000,31,0,15,5,0,24,0,0.77,387.5,0,6193.54838709677,60,6692,1440.92,135,5854,14,613,770
38,Palomar Julian,2001,29,0,10,5,0,20,0,0.69,325.4,0,6146.28161497826,60,6692,1440.92,135,5854,14,613,770
38,Palomar Julian,2002,29,0,7,5,5,21,0,0.72,348.4,0,6027.55464061215,60,6692,1440.92,135,5854,14,613,770
38,Palomar Julian,2003,39,0,11,9,0,30,0,0.77,511.1,0,5869.69274931371,60,6692,1440.92,135,5854,14,613,770
38,Palomar Julian,2004,39,0,9,5,0,19,0,0.49,324.6,0,5853.35786898934,60,6692,1440.92,135,5854,14,613,770
38,Palomar Julian,2005,34,0,10,5,0,20,0,0.59,354.4,0,5643.34095497805,60,6692,1440.92,135,5854,14,613,770
38,Palomar Julian,2006,32,0,6,5,0,18,0,0.56,331.4,0,5431.50281578534,60,6692,1440.92,135,5854,14,613,770
38,Palomar Julian,2007,30,0,8,9,0,21,0,0.7,378.2,0,5552.61748339245,60,6692,1440.92,135,5854,14,613,770
38,Palomar Julian,2008,36,0,8,10,0,25,0,0.69,433.3,0,5769.67475289776,60,6692,1440.92,135,5854,14,613,770
38,Palomar Julian,2009,27,0,8,7,0,19,0,0.7,284.4,0,6680.73150765102,60,6692,1440.92,135,5854,14,613,770
38,Palomar Julian,2010,37,0,13,7,0,24,0,0.65,383,0,6266.31853785901,60,6692,1440.92,135,5854,14,613,770
38,Palomar Julian,2011,29,0,12,0,0,18,0,0.62,280,0,6428.57142857143,60,6692,1440.92,135,5854,14,613,770
36,Pauma,2000,29,0,8,6,0,18,0,0.62,253.6,0,7097.79162728122,54,4508,292.577,1001,3590,1,273,361
36,Pauma,2001,37,0,11,6,0,23,0,0.62,322,0,7142.85714285714,54,4508,292.577,1001,3590,1,273,361
36,Pauma,2002,38,0,7,5,0,16,0,0.42,225.2,0,7104.79583340194,54,4508,292.577,1001,3590,1,273,361
36,Pauma,2003,29,0,6,8,0,17,0,0.59,246.2,0,6904.95540646731,54,4508,292.577,1001,3590,1,273,361
36,Pauma,2004,24,0,7,0,0,14,0,0.58,203.5,0,6879.60687960688,54,4508,292.577,1001,3590,1,273,361
36,Pauma,2005,33,0,9,0,0,19,5,0.58,278.7,0,6817.36604513886,54,4508,292.577,1001,3590,1,273,361
36,Pauma,2006,30,0,5,6,0,15,0,0.5,220.6,0,6799.63716454356,54,4508,292.577,1001,3590,1,273,361
36,Pauma,2007,33,0,5,8,0,17,0,0.52,248,0,6854.83870967742,54,4508,292.577,1001,3590,1,273,361
36,Pauma,2008,34,0,6,6,0,15,0,0.44,209.4,0,7163.32399102894,54,4508,292.577,1001,3590,1,273,361
36,Pauma,2009,35,0,8,6,0,20,0,0.57,344.1,5,5812.26377368427,54,4508,292.577,1001,3590,1,273,361
36,Pauma,2010,38,0,7,5,0,20,0,0.53,268.2,0,7457.12121167296,54,4508,292.577,1001,3590,1,273,361
36,Pauma,2011,40,0,7,8,0,20,0,0.5,257.3,0,7773.02796302213,54,4508,292.577,1001,3590,1,273,361
31,Pendleton,2000,10,0,0,0,0,0,0,,,0,,43,9622,553.654,444,8420,172,831,506
31,Pendleton,2001,14,0,0,0,0,0,0,,,0,,43,9622,553.654,444,8420,172,831,506
31,Pendleton,2002,13,0,0,0,0,0,0,,,0,,43,9622,553.654,444,8420,172,831,506
31,Pendleton,2003,8,0,0,0,0,0,0,,,0,,43,9622,553.654,444,8420,172,831,506
31,Pendleton,2004,12,0,0,0,0,0,0,,,0,,43,9622,553.654,444,8420,172,831,506
31,Pendleton,2005,14,0,0,0,0,0,0,,,0,,43,9622,553.654,444,8420,172,831,506
31,Pendleton,2006,10,0,0,0,0,0,0,,,0,,43,9622,553.654,444,8420,172,831,506
31,Pendleton,2007,11,0,0,0,0,0,0,,,0,,43,9622,553.654,444,8420,172,831,506
31,Pendleton,2008,17,0,0,0,0,0,0,,,0,,43,9622,553.654,444,8420,172,831,506
31,Pendleton,2009,12,0,0,0,0,0,0,,,0,,43,9622,553.654,444,8420,172,831,506
31,Pendleton,2010,0,0,0,0,0,0,0,,,0,,43,9622,553.654,444,8420,172,831,506
31,Pendleton,2011,17,0,0,0,0,0,0,,,0,,43,9622,553.654,444,8420,172,831,506
2,Peninsula,2000,396,0,93,98,12,243,9,0.61,397.7,30,61101.3307873627,2,80125,36.9208,11087,40570,1633,30550,15416
2,Peninsula,2001,381,0,94,81,22,235,0,0.62,388,34,60567.0103092783,2,80125,36.9208,11087,40570,1633,30550,15416
2,Peninsula,2002,364,0,81,84,18,219,0,0.6,361.8,33,60530.6819759534,2,80125,36.9208,11087,40570,1633,30550,15416
2,Peninsula,2003,320,0,69,69,23,194,5,0.61,314.4,28,61704.8358034874,2,80125,36.9208,11087,40570,1633,30550,15416
2,Peninsula,2004,328,0,79,67,12,181,0,0.55,292.5,19,61880.3418803419,2,80125,36.9208,11087,40570,1633,30550,15416
2,Peninsula,2005,357,0,83,77,13,207,8,0.58,334,24,61976.0479041916,2,80125,36.9208,11087,40570,1633,30550,15416
2,Peninsula,2006,330,0,88,58,12,185,5,0.56,317.5,22,58267.7165354331,2,80125,36.9208,11087,40570,1633,30550,15416
2,Peninsula,2007,319,0,97,50,13,183,5,0.57,311.8,18,58691.4711880969,2,80125,36.9208,11087,40570,1633,30550,15416
2,Peninsula,2008,317,0,80,66,16,191,10,0.6,323.6,18,59023.4846716602,2,80125,36.9208,11087,40570,1633,30550,15416
2,Peninsula,2009,346,0,80,58,20,187,0,0.54,322.7,24,57948.5568410913,2,80125,36.9208,11087,40570,1633,30550,15416
2,Peninsula,2010,301,0,84,46,11,162,8,0.54,257.4,13,62937.0644294381,2,80125,36.9208,11087,40570,1633,30550,15416
2,Peninsula,2011,326,0,71,76,8,178,5,0.55,282.3,16,63053.4919224086,2,80125,36.9208,11087,40570,1633,30550,15416
12,Poway,2000,381,0,115,62,20,241,0,0.63,297.1,39,81117.4671992537,15,94283,145.011,29469,68937,2737,5923,11446
12,Poway,2001,355,0,89,81,15,224,5,0.63,264.5,34,84688.0907372401,15,94283,145.011,29469,68937,2737,5923,11446
12,Poway,2002,366,0,100,58,20,214,0,0.58,250.5,31,85429.1417165669,15,94283,145.011,29469,68937,2737,5923,11446
12,Poway,2003,370,0,95,66,18,226,6,0.61,259.4,41,87124.134663699,15,94283,145.011,29469,68937,2737,5923,11446
12,Poway,2004,384,0,113,67,14,224,8,0.58,252.2,22,88818.3991714998,15,94283,145.011,29469,68937,2737,5923,11446
12,Poway,2005,398,0,108,65,21,240,12,0.6,270.3,34,88790.237084222,15,94283,145.011,29469,68937,2737,5923,11446
12,Poway,2006,410,0,100,51,22,221,16,0.54,247.8,31,89184.8253746147,15,94283,145.011,29469,68937,2737,5923,11446
12,Poway,2007,422,0,114,59,21,223,0,0.53,249.3,24,89450.460196626,15,94283,145.011,29469,68937,2737,5923,11446
12,Poway,2008,435,0,117,71,23,244,6,0.56,272.5,26,89541.2844036697,15,94283,145.011,29469,68937,2737,5923,11446
12,Poway,2009,422,0,100,69,22,219,6,0.52,241.5,22,90683.2298136646,15,94283,145.011,29469,68937,2737,5923,11446
12,Poway,2010,437,0,113,69,17,234,13,0.54,271.1,22,86315.0109670785,15,94283,145.011,29469,68937,2737,5923,11446
12,Poway,2011,417,0,102,61,27,218,11,0.52,250.9,17,86887.2081718511,15,94283,145.011,29469,68937,2737,5923,11446
27,Ramona,2000,185,0,47,38,9,118,0,0.64,362.3,20,32569.6947214443,39,21406,352.239,3714,8449,2302,7564,3382
27,Ramona,2001,192,0,46,42,15,114,0,0.59,346.8,8,32871.9734754014,39,21406,352.239,3714,8449,2302,7564,3382
27,Ramona,2002,224,0,52,43,9,130,8,0.58,388.2,17,33487.8917857091,39,21406,352.239,3714,8449,2302,7564,3382
27,Ramona,2003,232,0,56,42,14,141,6,0.61,418.8,23,33667.622757836,39,21406,352.239,3714,8449,2302,7564,3382
27,Ramona,2004,203,0,63,23,11,117,0,0.58,335.2,16,34904.5333350814,39,21406,352.239,3714,8449,2302,7564,3382
27,Ramona,2005,203,0,53,28,7,107,7,0.53,302.5,12,35371.9008264463,39,21406,352.239,3714,8449,2302,7564,3382
27,Ramona,2006,189,0,59,27,7,107,7,0.57,298,7,35906.0402684564,39,21406,352.239,3714,8449,2302,7564,3382
27,Ramona,2007,184,0,53,25,7,102,6,0.55,280.9,11,36311.8555415806,39,21406,352.239,3714,8449,2302,7564,3382
27,Ramona,2008,226,0,63,37,10,129,9,0.57,362,10,35635.3591160221,39,21406,352.239,3714,8449,2302,7564,3382
27,Ramona,2009,230,0,61,32,16,130,13,0.57,371.3,8,35012.1207309293,39,21406,352.239,3714,8449,2302,7564,3382
27,Ramona,2010,218,0,57,39,17,127,5,0.58,364.2,8,34870.9488586745,39,21406,352.239,3714,8449,2302,7564,3382
27,Ramona,2011,217,0,61,35,15,122,0,0.56,344.3,8,35434.2156042596,39,21406,352.239,3714,8449,2302,7564,3382
28,San Dieguito,2000,552,0,151,104,42,349,7,0.63,416.5,45,83793.5174069628,40,147825,139.423,47292,105179,6138,6324,12550
28,San Dieguito,2001,534,0,145,127,27,345,5,0.65,403.9,40,85417.1837616863,40,147825,139.423,47292,105179,6138,6324,12550
28,San Dieguito,2002,553,0,143,97,35,337,10,0.61,389.4,52,86543.4014592168,40,147825,139.423,47292,105179,6138,6324,12550
28,San Dieguito,2003,550,0,140,107,32,332,6,0.6,375,45,88533.3333333333,40,147825,139.423,47292,105179,6138,6324,12550
28,San Dieguito,2004,525,0,137,108,21,325,8,0.62,356.6,51,91138.5290065467,40,147825,139.423,47292,105179,6138,6324,12550
28,San Dieguito,2005,508,0,124,106,26,300,19,0.59,324.7,24,92392.9746601665,40,147825,139.423,47292,105179,6138,6324,12550
28,San Dieguito,2006,502,0,127,69,24,261,14,0.52,277.3,26,94121.8937935409,40,147825,139.423,47292,105179,6138,6324,12550
28,San Dieguito,2007,553,0,136,102,23,320,11,0.58,331.7,45,96472.7127595857,40,147825,139.423,47292,105179,6138,6324,12550
28,San Dieguito,2008,517,0,132,80,26,296,12,0.57,302.5,46,97851.2396694215,40,147825,139.423,47292,105179,6138,6324,12550
28,San Dieguito,2009,499,0,132,91,17,287,12,0.58,296.5,35,96795.9527824621,40,147825,139.423,47292,105179,6138,6324,12550
28,San Dieguito,2010,540,0,137,66,24,271,7,0.5,289.8,37,93512.7713647803,40,147825,139.423,47292,105179,6138,6324,12550
28,San Dieguito,2011,577,0,135,87,30,303,9,0.53,319.3,41,94895.0866219458,40,147825,139.423,47292,105179,6138,6324,12550
33,San Marcos,2000,530,0,133,126,34,352,10,0.66,514.5,48,68415.9378036929,51,64094,77.2952,13341,54346,814,2720,6540
33,San Marcos,2001,540,0,124,115,39,344,17,0.64,480.6,48,71577.194263686,51,64094,77.2952,13341,54346,814,2720,6540
33,San Marcos,2002,566,0,131,128,38,348,9,0.61,466.2,42,74646.0726915338,51,64094,77.2952,13341,54346,814,2720,6540
33,San Marcos,2003,545,0,117,110,27,322,11,0.59,417.5,56,77125.748502994,51,64094,77.2952,13341,54346,814,2720,6540
33,San Marcos,2004,552,0,146,115,30,346,9,0.63,435.9,46,79376.0047819974,51,64094,77.2952,13341,54346,814,2720,6540
33,San Marcos,2005,599,0,138,109,33,331,13,0.55,396,38,83585.8585858586,51,64094,77.2952,13341,54346,814,2720,6540
33,San Marcos,2006,587,0,121,118,33,333,21,0.57,391,40,85166.2404092072,51,64094,77.2952,13341,54346,814,2720,6540
33,San Marcos,2007,539,0,138,116,25,313,10,0.58,359.8,24,86992.7767146291,51,64094,77.2952,13341,54346,814,2720,6540
33,San Marcos,2008,579,0,147,107,39,350,20,0.6,390.8,36,89559.8799725186,51,64094,77.2952,13341,54346,814,2720,6540
33,San Marcos,2009,560,0,142,104,35,341,20,0.61,378.9,39,89997.3622309325,51,64094,77.2952,13341,54346,814,2720,6540
33,San Marcos,2010,578,0,126,114,41,341,18,0.59,379,42,89973.6147757256,51,64094,77.2952,13341,54346,814,2720,6540
33,San Marcos,2011,618,0,150,107,32,336,13,0.54,372.6,33,90177.1321782138,51,64094,77.2952,13341,54346,814,2720,6540
23,Santee,2000,343,0,86,83,20,227,7,0.66,441,30,51473.9229024943,35,52477,37.5058,6973,36582,1248,9977,4674
23,Santee,2001,378,0,99,95,22,257,14,0.68,493.6,26,52066.4499234433,35,52477,37.5058,6973,36582,1248,9977,4674
23,Santee,2002,336,0,98,71,17,219,11,0.65,419.6,22,52192.5635878024,35,52477,37.5058,6973,36582,1248,9977,4674
23,Santee,2003,370,0,93,87,18,228,0,0.62,436.1,24,52281.5860603039,35,52477,37.5058,6973,36582,1248,9977,4674
23,Santee,2004,348,0,78,70,23,207,10,0.59,393.5,26,52604.8284625159,35,52477,37.5058,6973,36582,1248,9977,4674
23,Santee,2005,329,0,89,61,28,202,18,0.61,383.7,6,52645.2941291562,35,52477,37.5058,6973,36582,1248,9977,4674
23,Santee,2006,330,0,83,73,20,205,8,0.62,385.9,20,53122.571454352,35,52477,37.5058,6973,36582,1248,9977,4674
23,Santee,2007,359,0,84,73,26,220,18,0.61,410.7,19,53567.07900196,35,52477,37.5058,6973,36582,1248,9977,4674
23,Santee,2008,345,0,83,56,17,195,15,0.57,358.3,24,54423.6691720665,35,52477,37.5058,6973,36582,1248,9977,4674
23,Santee,2009,345,0,92,60,23,197,6,0.57,355.6,16,55399.3241334909,35,52477,37.5058,6973,36582,1248,9977,4674
23,Santee,2010,373,0,109,59,19,217,12,0.58,424.2,18,51155.1140394812,35,52477,37.5058,6973,36582,1248,9977,4674
23,Santee,2011,349,0,89,70,11,194,13,0.56,375.3,11,51691.9814308703,35,52477,37.5058,6973,36582,1248,9977,4674
17,South Bay,2000,610,0,144,168,20,393,17,0.64,316.9,44,124013.886894669,22,150003,123.074,93902,103168,6715,19324,17058
17,South Bay,2001,607,5,152,152,19,404,24,0.67,318.5,52,126844.583987441,22,150003,123.074,93902,103168,6715,19324,17058
17,South Bay,2002,615,0,145,165,18,387,18,0.63,301.9,38,128188.144360379,22,150003,123.074,93902,103168,6715,19324,17058
17,South Bay,2003,616,0,159,141,27,401,23,0.65,306.3,51,130917.40645809,22,150003,123.074,93902,103168,6715,19324,17058
17,South Bay,2004,625,0,141,146,26,383,30,0.61,280.2,40,136688.073988024,22,150003,123.074,93902,103168,6715,19324,17058
17,South Bay,2005,633,0,162,134,26,399,29,0.63,291.6,46,136831.272856132,22,150003,123.074,93902,103168,6715,19324,17058
17,South Bay,2006,637,0,164,116,29,380,32,0.6,277.4,39,136986.304383915,22,150003,123.074,93902,103168,6715,19324,17058
17,South Bay,2007,669,0,186,127,33,410,27,0.61,297.9,35,137630.080026946,22,150003,123.074,93902,103168,6715,19324,17058
17,South Bay,2008,631,0,188,111,23,371,25,0.59,266.1,23,139421.267001278,22,150003,123.074,93902,103168,6715,19324,17058
17,South Bay,2009,658,0,176,131,21,404,34,0.61,289.3,42,139647.430710959,22,150003,123.074,93902,103168,6715,19324,17058
17,South Bay,2010,624,0,176,105,25,378,29,0.61,280.2,43,134903.634379826,22,150003,123.074,93902,103168,6715,19324,17058
17,South Bay,2011,708,0,212,128,19,434,36,0.61,321.2,39,135118.301216086,22,150003,123.074,93902,103168,6715,19324,17058
5,Southeastern San Diego,2000,860,0,207,187,32,542,49,0.63,346.8,64,156286.049330417,5,129215,49.1906,28586,106387,6134,5713,24805
5,Southeastern San Diego,2001,839,0,187,187,37,512,39,0.61,323.9,61,158073.482447681,5,129215,49.1906,28586,106387,6134,5713,24805
5,Southeastern San Diego,2002,849,0,214,187,31,542,38,0.64,344.1,69,157512.348266844,5,129215,49.1906,28586,106387,6134,5713,24805
5,Southeastern San Diego,2003,837,0,210,165,19,496,35,0.59,315.6,63,157160.960205214,5,129215,49.1906,28586,106387,6134,5713,24805
5,Southeastern San Diego,2004,881,0,182,193,36,527,45,0.6,329.7,70,159842.274943283,5,129215,49.1906,28586,106387,6134,5713,24805
5,Southeastern San Diego,2005,884,0,194,160,32,486,38,0.55,305.1,56,159292.032211598,5,129215,49.1906,28586,106387,6134,5713,24805
5,Southeastern San Diego,2006,810,0,206,138,19,456,43,0.56,284,46,160563.38028169,5,129215,49.1906,28586,106387,6134,5713,24805
5,Southeastern San Diego,2007,812,0,188,158,32,466,30,0.57,289.4,56,161022.809201124,5,129215,49.1906,28586,106387,6134,5713,24805
5,Southeastern San Diego,2008,816,0,195,150,34,473,51,0.58,290.8,40,162654.752357399,5,129215,49.1906,28586,106387,6134,5713,24805
5,Southeastern San Diego,2009,860,0,207,170,30,509,36,0.59,310.3,66,164034.811480432,5,129215,49.1906,28586,106387,6134,5713,24805
5,Southeastern San Diego,2010,783,0,225,156,27,488,29,0.62,313.2,47,155810.977324427,5,129215,49.1906,28586,106387,6134,5713,24805
5,Southeastern San Diego,2011,874,5,237,142,27,500,29,0.57,319.7,60,156396.615861313,5,129215,49.1906,28586,106387,6134,5713,24805
19,Spring Valley,2000,363,0,78,90,20,231,13,0.64,295.8,30,78093.3095107758,31,86917,49.9584,27997,66563,5303,3691,11235
19,Spring Valley,2001,391,0,92,100,17,254,9,0.65,316.3,36,80303.5124257587,31,86917,49.9584,27997,66563,5303,3691,11235
19,Spring Valley,2002,395,0,94,87,17,233,13,0.59,287.6,21,81015.2973070997,31,86917,49.9584,27997,66563,5303,3691,11235
19,Spring Valley,2003,381,0,108,63,16,220,11,0.58,267.8,22,82150.8625945412,31,86917,49.9584,27997,66563,5303,3691,11235
19,Spring Valley,2004,387,0,85,82,18,223,15,0.58,273.6,22,81505.84613497,31,86917,49.9584,27997,66563,5303,3691,11235
19,Spring Valley,2005,369,0,87,57,23,201,14,0.54,247.7,20,81146.5492435996,31,86917,49.9584,27997,66563,5303,3691,11235
19,Spring Valley,2006,406,0,85,66,32,222,14,0.55,275.7,24,80522.3032900317,31,86917,49.9584,27997,66563,5303,3691,11235
19,Spring Valley,2007,376,0,82,78,14,211,14,0.56,258.6,23,81593.1921964218,31,86917,49.9584,27997,66563,5303,3691,11235
19,Spring Valley,2008,394,0,86,80,23,211,10,0.54,255.6,12,82550.8587486289,31,86917,49.9584,27997,66563,5303,3691,11235
19,Spring Valley,2009,407,0,94,70,22,214,10,0.53,249.1,18,85909.2712792108,31,86917,49.9584,27997,66563,5303,3691,11235
19,Spring Valley,2010,393,0,97,71,21,233,20,0.59,287.7,24,80987.1359450382,31,86917,49.9584,27997,66563,5303,3691,11235
19,Spring Valley,2011,409,0,92,87,22,236,12,0.58,288.7,21,81745.7533845758,31,86917,49.9584,27997,66563,5303,3691,11235
15,Sweetwater,2000,172,0,52,45,0,117,0,0.68,157.3,15,74380.1638462159,20,85604,109.104,16490,69119,4199,3576,11008
15,Sweetwater,2001,190,0,57,36,5,120,0,0.63,148.7,20,80699.3964107264,20,85604,109.104,16490,69119,4199,3576,11008
15,Sweetwater,2002,204,0,54,42,5,124,5,0.61,139.2,17,89080.4617230747,20,85604,109.104,16490,69119,4199,3576,11008
15,Sweetwater,2003,236,0,81,61,7,170,5,0.72,173.7,16,97869.8923354934,20,85604,109.104,16490,69119,4199,3576,11008
15,Sweetwater,2004,243,0,64,42,9,149,12,0.61,142.5,22,104561.403508772,20,85604,109.104,16490,69119,4199,3576,11008
15,Sweetwater,2005,276,0,71,46,13,155,8,0.56,139.8,17,110872.672830068,20,85604,109.104,16490,69119,4199,3576,11008
15,Sweetwater,2006,289,0,84,60,11,179,7,0.62,149.6,16,119652.401535426,20,85604,109.104,16490,69119,4199,3576,11008
15,Sweetwater,2007,319,0,85,67,12,194,7,0.61,158.6,23,122320.297940833,20,85604,109.104,16490,69119,4199,3576,11008
15,Sweetwater,2008,319,0,96,57,10,193,8,0.61,154.9,20,124596.518789392,20,85604,109.104,16490,69119,4199,3576,11008
15,Sweetwater,2009,322,0,97,60,11,198,12,0.61,151.3,18,130865.826838263,20,85604,109.104,16490,69119,4199,3576,11008
15,Sweetwater,2010,336,0,109,52,11,196,6,0.58,144.8,18,135359.113169315,20,85604,109.104,16490,69119,4199,3576,11008
15,Sweetwater,2011,332,0,97,48,10,186,12,0.56,136.2,17,136563.879711893,20,85604,109.104,16490,69119,4199,3576,11008
9,University,2000,239,0,65,57,10,153,0,0.64,307.8,17,49707.6043105337,12,56513,31.7709,10942,41771,2349,5805,9375
9,University,2001,220,0,55,53,18,155,6,0.7,301.2,23,51460.8212875702,12,56513,31.7709,10942,41771,2349,5805,9375
9,University,2002,199,0,55,35,14,124,5,0.62,233.8,15,53036.7828834242,12,56513,31.7709,10942,41771,2349,5805,9375
9,University,2003,224,0,71,40,10,135,0,0.6,245.6,12,54967.4253440776,12,56513,31.7709,10942,41771,2349,5805,9375
9,University,2004,230,0,61,44,13,134,5,0.58,241.3,11,55532.5314153674,12,56513,31.7709,10942,41771,2349,5805,9375
9,University,2005,228,0,62,40,6,131,9,0.57,238.3,14,54972.7227538253,12,56513,31.7709,10942,41771,2349,5805,9375
9,University,2006,246,0,63,44,12,134,5,0.54,250.8,10,53429.0264631083,12,56513,31.7709,10942,41771,2349,5805,9375
9,University,2007,222,0,53,32,10,112,0,0.5,206.9,13,54132.4327230457,12,56513,31.7709,10942,41771,2349,5805,9375
9,University,2008,257,0,68,38,11,139,5,0.54,247.7,17,56116.2703724395,12,56513,31.7709,10942,41771,2349,5805,9375
9,University,2009,233,0,72,27,0,126,0,0.54,202.4,15,62252.9663041598,12,56513,31.7709,10942,41771,2349,5805,9375
9,University,2010,235,0,64,32,9,120,0,0.51,191.3,10,62728.6973788145,12,56513,31.7709,10942,41771,2349,5805,9375
9,University,2011,278,0,69,58,11,154,6,0.55,231.6,10,66493.95334263,12,56513,31.7709,10942,41771,2349,5805,9375
35,Valley Center,2000,112,0,28,31,0,71,0,0.63,378.1,5,18778.1007283459,53,32385,290.914,10357,25937,613,2531,3284
35,Valley Center,2001,88,0,18,26,6,61,0,0.69,326.6,9,18677.2807287291,53,32385,290.914,10357,25937,613,2531,3284
35,Valley Center,2002,104,0,25,24,9,66,0,0.63,340.7,5,19371.8807265244,53,32385,290.914,10357,25937,613,2531,3284
35,Valley Center,2003,113,0,37,24,0,79,7,0.7,396.6,8,19919.3138638985,53,32385,290.914,10357,25937,613,2531,3284
35,Valley Center,2004,117,0,28,17,11,64,0,0.55,308.4,7,20752.2701902134,53,32385,290.914,10357,25937,613,2531,3284
35,Valley Center,2005,82,0,22,15,0,50,0,0.61,227.1,6,22016.7321251454,53,32385,290.914,10357,25937,613,2531,3284
35,Valley Center,2006,115,0,32,23,5,72,0,0.63,327,9,22018.3486238532,53,32385,290.914,10357,25937,613,2531,3284
35,Valley Center,2007,103,0,22,18,11,58,0,0.56,259.5,6,22350.6743737958,53,32385,290.914,10357,25937,613,2531,3284
35,Valley Center,2008,123,0,38,19,0,68,0,0.55,299.4,0,22712.0913113681,53,32385,290.914,10357,25937,613,2531,3284
35,Valley Center,2009,152,0,39,21,5,81,5,0.53,359.9,11,22506.2521182752,53,32385,290.914,10357,25937,613,2531,3284
35,Valley Center,2010,124,0,40,13,8,73,5,0.59,312.9,7,23330.1378791814,53,32385,290.914,10357,25937,613,2531,3284
35,Valley Center,2011,125,0,32,21,9,71,5,0.57,302.7,0,23455.5656216623,53,32385,290.914,10357,25937,613,2531,3284
34,Vista,2000,784,0,168,192,50,477,16,0.61,498.2,50,95744.6785051018,52,107074,105.547,47416,87501,1935,6262,14166
34,Vista,2001,747,0,161,162,58,450,14,0.6,462.8,52,97234.2290124055,52,107074,105.547,47416,87501,1935,6262,14166
34,Vista,2002,719,0,162,164,44,452,22,0.63,459.6,58,98346.3868575746,52,107074,105.547,47416,87501,1935,6262,14166
34,Vista,2003,715,0,135,171,59,439,22,0.61,442.2,51,99276.3428044563,52,107074,105.547,47416,87501,1935,6262,14166
34,Vista,2004,732,0,151,148,33,419,16,0.57,417.4,68,100383.326815264,52,107074,105.547,47416,87501,1935,6262,14166
34,Vista,2005,761,0,181,141,53,451,21,0.59,449.9,53,100244.500137461,52,107074,105.547,47416,87501,1935,6262,14166
34,Vista,2006,660,0,147,118,39,360,15,0.55,356.6,40,100953.447514944,52,107074,105.547,47416,87501,1935,6262,14166
34,Vista,2007,698,0,166,138,48,402,15,0.58,395.6,35,101617.794185476,52,107074,105.547,47416,87501,1935,6262,14166
34,Vista,2008,675,0,149,165,40,409,13,0.61,399.3,41,102429.254320954,52,107074,105.547,47416,87501,1935,6262,14166
34,Vista,2009,631,0,165,137,39,388,15,0.61,375.8,31,103246.411017382,52,107074,105.547,47416,87501,1935,6262,14166
34,Vista,2010,723,0,188,114,44,399,18,0.55,397.3,34,100427.891331302,52,107074,105.547,47416,87501,1935,6262,14166
34,Vista,2011,703,0,151,124,45,380,23,0.54,375,37,101333.333333333,52,107074,105.547,47416,87501,1935,6262,14166
